gene,annotation,annotation_type,position,position_type,reference_PMID
IAA1,EAR_start,domain,14,AA,
IAA1,EAR_end,domain,18,AA,
IAA1,KR_start,motif,37,AA,
IAA1,KR_end,motif,38,AA,
IAA1,degron_start,domain,55,AA,
IAA1,degron_end,domain,67,AA,
IAA1,PB1_start,domain,76,AA,
IAA1,PB1_end,domain,161,AA,
IAA10 ,EAR_start,domain,45,AA,
IAA10 ,EAR_end,domain,51,AA,
IAA10 ,KR_start,motif,76,AA,
IAA10 ,KR_end,motif,77,AA,
IAA10 ,degron_start,domain,93,AA,
IAA10 ,degron_end,domain,105,AA,
IAA10 ,PB1_start,domain,151,AA,
IAA10 ,PB1_end,domain,253,AA,
IAA11 ,EAR_start,domain,34,AA,
IAA11 ,EAR_end,domain,42,AA,
IAA11 ,KR_start,motif,76,AA,
IAA11 ,KR_end,motif,77,AA,
IAA11 ,degron_start,domain,88,AA,
IAA11 ,degron_end,domain,100,AA,
IAA11 ,PB1_start,domain,136,AA,
IAA11 ,PB1_end,domain,235,AA,
IAA12 ,EAR_start,domain,20,AA,
IAA12 ,EAR_end,domain,28,AA,
IAA12 ,KR_start,motif,52,AA,
IAA12 ,KR_end,motif,53,AA,
IAA12 ,degron_start,domain,69,AA,
IAA12 ,degron_end,domain,81,AA,
IAA12 ,PB1_start,domain,124,AA,
IAA12 ,PB1_end,domain,217,AA,
IAA13 ,EAR_start,domain,14,AA,
IAA13 ,EAR_end,domain,22,AA,
IAA13 ,KR_start,motif,57,AA,
IAA13 ,KR_end,motif,58,AA,
IAA13 ,degron_start,domain,75,AA,
IAA13 ,degron_end,domain,87,AA,
IAA13 ,PB1_start,domain,129,AA,
IAA13 ,PB1_end,domain,225,AA,
IAA14 ,EAR_start,domain,8,AA,
IAA14 ,EAR_end,domain,12,AA,
IAA14 ,degron_start,domain,76,AA,
IAA14 ,degron_end,domain,88,AA,
IAA14 ,PB1_start,domain,110,AA,
IAA14 ,PB1_end,domain,210,AA,
IAA14 ,Mutagenesis ,mutant,82,AA,
IAA15 ,EAR_start,domain,21,AA,
IAA15 ,EAR_end,domain,25,AA,
IAA15 ,degron_start,domain,70,AA,
IAA15 ,degron_end,domain,82,AA,
IAA15 ,PB1_start,domain,86,AA,
IAA15 ,PB1_end,domain,173,AA,
IAA16 ,EAR_start,domain,9,AA,
IAA16 ,EAR_end,domain,13,AA,
IAA16 ,degron_start,domain,70,AA,
IAA16 ,degron_end,domain,82,AA,
IAA16 ,PB1_start,domain,118,AA,
IAA16 ,PB1_end,domain,218,AA,
IAA17 ,EAR_start,domain,14,AA,
IAA17 ,EAR_end,domain,18,AA,
IAA17 ,degron_start,domain,96,AA,
IAA17 ,degron_end,domain,108,AA,
IAA17 ,PB1_start,domain,110,AA,
IAA17 ,PB1_end,domain,211,AA,
IAA17 ,Mutagenesis ,mutant,16,AA,
IAA17 ,Mutagenesis ,mutant,88,AA,
IAA17 ,Mutagenesis ,mutant,89,AA,
IAA17 ,Mutagenesis ,mutant,114,AA,
IAA17 ,Mutagenesis ,mutant,118,AA,
IAA17 ,Mutagenesis ,mutant,121,AA,
IAA17 ,Mutagenesis ,mutant,183,AA,
IAA17 ,Mutagenesis ,mutant,187,AA,
IAA18 ,EAR_start,domain,42,AA,
IAA18 ,EAR_end,domain,46,AA,
IAA18 ,KR_start,motif,90,AA,
IAA18 ,KR_end,motif,91,AA,
IAA18 ,degron_start,domain,96,AA,
IAA18 ,degron_end,domain,108,AA,
IAA18 ,PB1_start,domain,149,AA,
IAA18 ,PB1_end,domain,248,AA,
IAA19 ,EAR_start,domain,13,AA,
IAA19 ,EAR_end,domain,17,AA,
IAA19 ,degron_start,domain,70,AA,
IAA19 ,degron_end,domain,82,AA,
IAA19 ,PB1_start,domain,96,AA,
IAA19 ,PB1_end,domain,184,AA,
IAA19 ,Mutagenesis ,mutant,73,AA,
IAA19 ,Mutagenesis ,mutant,75,AA,
IAA19 ,Mutagenesis ,mutant,76,AA,
IAA19 ,Mutagenesis ,mutant,76,AA,
IAA2 ,EAR_start,domain,16,AA,
IAA2 ,EAR_end,domain,20,AA,
IAA2 ,KR_start,motif,41,AA,
IAA2 ,KR_end,motif,42,AA,
IAA2 ,degron_start,domain,60,AA,
IAA2 ,degron_end,domain,72,AA,
IAA2 ,PB1_start,domain,77,AA,
IAA2 ,PB1_end,domain,164,AA,
IAA20,Poly-Ser_start,motif,6,AA,
IAA20,Poly-Ser_end,motif,11,AA,
IAA20,Poly-Glu_start,motif,72,AA,
IAA20,Poly-Glu_end,motif,78,AA,
IAA20 ,EAR_start,domain,34,AA,
IAA20 ,EAR_end,domain,38,AA,
IAA20 ,KR_start,motif,97,AA,
IAA20 ,KR_end,motif,98,AA,
IAA20 ,PB1_start,domain,84,AA,
IAA20 ,PB1_end,domain,173,AA,
IAA26 ,EAR_start,domain,38,AA,
IAA26 ,EAR_end,domain,42,AA,
IAA26 ,degron_start,domain,103,AA,
IAA26 ,degron_end,domain,115,AA,
IAA26 ,PB1_start,domain,151,AA,
IAA26 ,PB1_end,domain,250,AA,
IAA27 ,EAR_start,domain,45,AA,
IAA27 ,EAR_end,domain,49,AA,
IAA27 ,degron_start,domain,143,AA,
IAA27 ,degron_end,domain,155,AA,
IAA27 ,PB1_start,domain,151,AA,
IAA27 ,PB1_end,domain,250,AA,
IAA28 ,EAR_start,domain,7,AA,
IAA28 ,EAR_end,domain,11,AA,
IAA28 ,degron_start,domain,48,AA,
IAA28 ,degron_end,domain,60,AA,
IAA28 ,PB1_start,domain,80,AA,
IAA28 ,PB1_end,domain,161,AA,
IAA29,PB1_start,domain,159,AA,
IAA29,PB1_end,domain,246,AA,
IAA29,EAR_start,domain,3,AA,
IAA29,EAR_end,domain,7,AA,
IAA3,EAR_start,domain,12,AA,
IAA3,EAR_end,domain,15,AA,
IAA3,KR_start,motif,37,AA,
IAA3,KR_end,motif,38,AA,
IAA3,degron_start,domain,64,AA,
IAA3,degron_end,domain,76,AA,
IAA3,PB1_start,domain,92,AA,
IAA3,PB1_end,domain,179,AA,
IAA3,Poly-Asn_start,motif,33,AA,
IAA3,Poly-Asn_end,motif,36,AA,
IAA3,Stabilizing_mutation,mutant,67,AA,
IAA3,Stabilizing_mutation,mutant,69,AA,
IAA30,PB1_start,domain,82,AA,
IAA30,PB1_end,domain,171,AA,
IAA30,EAR_start,domain,35,AA,
IAA30,EAR_end,domain,39,AA,
IAA30 ,EAR_start,domain,35,AA,
IAA30 ,EAR_end,domain,39,AA,
IAA30 ,PB1_start,domain,82,AA,
IAA30 ,PB1_end,domain,171,AA,
IAA31,EAR_start,domain,29,AA,
IAA31,EAR_end,domain,33,AA,
IAA31 ,degron_start,domain,44,AA,
IAA31 ,degron_end,domain,56,AA,
IAA31 ,PB1_start,domain,72,AA,
IAA31 ,PB1_end,domain,157,AA,
IAA32,PB1_start,domain,98,AA,
IAA32,PB1_end,domain,184,AA,
IAA32,EAR_start,domain,32,AA,
IAA32,EAR_end,domain,36,AA,
IAA33,PB1_start,domain,72,AA,
IAA33,PB1_end,domain,162,AA,
IAA34,EAR_start,domain,92,AA,
IAA34,EAR_end,domain,180,AA,
IAA34,PB1_start,domain,63,AA,
IAA34,PB1_end,domain,67,AA,
IAA4 ,EAR_start,domain,18,AA,
IAA4 ,EAR_end,domain,22,AA,
IAA4 ,KR_start,motif,36,AA,
IAA4 ,KR_end,motif,37,AA,
IAA4 ,degron_start,domain,62,AA,
IAA4 ,degron_end,domain,74,AA,
IAA4 ,PB1_start,domain,88,AA,
IAA4 ,PB1_end,domain,175,AA,
IAA5 ,EAR_start,domain,15,AA,
IAA5 ,EAR_end,domain,19,AA,
IAA5 ,degron_start,domain,53,AA,
IAA5 ,degron_end,domain,65,AA,
IAA5 ,PB1_start,domain,74,AA,
IAA5 ,PB1_end,domain,160,AA,
IAA6 ,EAR_start,domain,13,AA,
IAA6 ,EAR_end,domain,17,AA,
IAA6 ,degron_start,domain,70,AA,
IAA6 ,degron_end,domain,82,AA,
IAA6 ,PB1_start,domain,124,AA,
IAA6 ,PB1_end,domain,224,AA,
IAA6 ,Mutagenesis ,mutant,78,AA,
IAA7 ,EAR_start,domain,13,AA,
IAA7 ,EAR_end,domain,17,AA,
IAA7 ,degron_start,domain,82,AA,
IAA7 ,degron_end,domain,94,AA,
IAA7 ,PB1_start,domain,122,AA,
IAA7 ,PB1_end,domain,224,AA,
IAA7 ,Mutagenesis ,mutant,87,AA,
IAA8 ,EAR_start,domain,54,AA,
IAA8 ,EAR_end,domain,72,AA,
IAA8 ,degron_start,domain,165,AA,
IAA8 ,degron_end,domain,177,AA,
IAA8 ,PB1_start,domain,199,AA,
IAA8 ,PB1_end,domain,301,AA,
IAA9 ,EAR_start,domain,68,AA,
IAA9 ,EAR_end,domain,72,AA,
IAA9 ,degron_start,domain,183,AA,
IAA9 ,degron_end,domain,195,AA,
IAA9 ,PB1_start,domain,218,AA,
IAA9 ,PB1_end,domain,318,AA,