"","gene","annotation","annotation_type","position","position_type","reference_PMID"
"1","TIR1","Fbox_start","domain",1,"AA",17410169
"2","AFB1","Fbox_start","domain",1,"AA",17410169
"3","AFB2","Fbox_start","domain",1,"AA",17410169
"4","AFB3","Fbox_start","domain",1,"AA",17410169
"5","AFB4","Fbox_start","domain",50,"AA",17410169
"6","AFB5","Fbox_start","domain",50,"AA",17410169
"7","COI1","Fbox_start","domain",1,"AA",17410169
"8","TIR1","Fbox_end","domain",51,"AA",17410169
"9","AFB1","Fbox_end","domain",47,"AA",17410169
"10","AFB2","Fbox_end","domain",46,"AA",17410169
"11","AFB3","Fbox_end","domain",46,"AA",17410169
"12","AFB4","Fbox_end","domain",96,"AA",17410169
"13","AFB5","Fbox_end","domain",96,"AA",17410169
"14","COI1","Fbox_end","domain",58,"AA",17410169
"15","TIR1","LRR_start","domain",51,"AA",17410169
"16","AFB1","LRR_start","domain",47,"AA",17410169
"17","AFB2","LRR_start","domain",46,"AA",17410169
"18","AFB3","LRR_start","domain",46,"AA",17410169
"19","AFB4","LRR_start","domain",96,"AA",17410169
"20","AFB5","LRR_start","domain",96,"AA",17410169
"21","COI1","LRR_start","domain",58,"AA",17410169
"22","TIR1","LRR_end","domain",595,"AA",17410169
"23","AFB1","LRR_end","domain",586,"AA",17410169
"24","AFB2","LRR_end","domain",576,"AA",17410169
"25","AFB3","LRR_end","domain",578,"AA",17410169
"26","AFB4","LRR_end","domain",624,"AA",17410169
"27","AFB5","LRR_end","domain",620,"AA",17410169
"28","COI1","LRR_end","domain",593,"AA",17410169
"29","TIR1","miR393_start","miRNA",506,"AA",20018756
"30","AFB1","miR393_start","miRNA",502,"AA",20018756
"31","AFB2","miR393_start","miRNA",501,"AA",20018756
"32","AFB3","miR393_start","miRNA",503,"AA",20018756
"33","AFB4","miR393_start","miRNA",552,"AA",20018756
"34","AFB5","miR393_start","miRNA",552,"AA",20018756
"35","COI1","miR393_start","miRNA",517,"AA",20018756
"36","TIR1","miR393_end","miRNA",512,"AA",20018756
"37","AFB1","miR393_end","miRNA",508,"AA",20018756
"38","AFB2","miR393_end","miRNA",507,"AA",20018756
"39","AFB3","miR393_end","miRNA",509,"AA",20018756
"40","AFB4","miR393_end","miRNA",558,"AA",20018756
"41","AFB5","miR393_end","miRNA",558,"AA",20018756
"42","COI1","miR393_end","miRNA",523,"AA",20018756
"43","TIR1","auxin_contact","binding",78,"AA",17410169
"44","TIR1","auxin_contact","binding",79,"AA",17410169
"45","TIR1","auxin_contact","binding",378,"AA",17410169
"46","TIR1","auxin_contact","binding",380,"AA",17410169
"47","TIR1","auxin_contact","binding",403,"AA",17410169
"48","TIR1","auxin_contact","binding",405,"AA",17410169
"49","TIR1","auxin_contact","binding",438,"AA",17410169
"50","TIR1","auxin_contact","binding",440,"AA",17410169
"51","TIR1","auxin_contact","binding",462,"AA",17410169
"52","TIR1","auxin_contact","binding",464,"AA",17410169
"53","TIR1","auxin_contact","binding",487,"AA",17410169
"54","TIR1","auxiaa_contact","binding",82,"AA",17410169
"55","TIR1","iaa_contact","binding",347,"AA",17410169
"56","TIR1","iaa_contact","binding",350,"AA",17410169
"57","TIR1","iaa_contact","binding",351,"AA",17410169
"58","TIR1","iaa_contact","binding",380,"AA",17410169
"59","TIR1","iaa_contact","binding",405,"AA",17410169
"60","TIR1","iaa_contact","binding",407,"AA",17410169
"61","TIR1","iaa_contact","binding",409,"AA",17410169
"62","TIR1","iaa_contact","binding",464,"AA",17410169
"63","TIR1","iaa_contact","binding",465,"AA",17410169
"64","TIR1","iaa_contact","binding",489,"AA",17410169
"65","TIR1","insP_contacts","binding",49,"AA",17410169
"66","TIR1","insP_contacts","binding",74,"AA",17410169
"67","TIR1","insP_contacts","binding",78,"AA",17410169
"68","TIR1","insP_contacts","binding",113,"AA",17410169
"69","TIR1","insP_contacts","binding",114,"AA",17410169
"70","TIR1","insP_contacts","binding",344,"AA",17410169
"71","TIR1","insP_contacts","binding",401,"AA",17410169
"72","TIR1","insP_contacts","binding",402,"AA",17410169
"73","TIR1","insP_contacts","binding",431,"AA",17410169
"74","TIR1","insP_contacts","binding",460,"AA",17410169
"75","TIR1","insP_contacts","binding",484,"AA",17410169
"76","TIR1","insP_contacts","binding",485,"AA",17410169
"77","TIR1","insP_contacts","binding",509,"AA",17410169
"78","TIR1","dimer_null","mutant",142,"AA",27618443
"79","TIR1","dimer_null","mutant",143,"AA",27618443
"80","TIR1","dimer_null","mutant",151,"AA",27618443
"81","TIR1","dimer_null","mutant",117,"AA",27618443
"82","TIR1","dimer_null","mutant",147,"AA",27618443
"83","TIR1","TIR1_dm","mutant",170,"AA",23539280
"84","TIR1","TIR1_dm","mutant",473,"AA",23539280
